SduHoldingQueue:vector ExtClientServerExample.gnb.cellularNic.rlc.UmTxEntity Lcid: 1 (#0 - test-0-20250830-13:43:36-16472),
2.4768728838,500
2.5775604278,500
2.6479069508,500
2.7064701008,500
2.7553532568,500
2.8004355498,500
2.8416415798,500
2.8789542908,500
2.9153463768,500
2.9482979538,500
2.9812988468,500
3.0093527908,500
3.0383810328,500
3.0657421498,500
3.0925956468,500
3.1186065358,500
3.1433047428,500
3.1684291698,500
3.1915645538,500
3.2143297998,500
3.2369686868,500
3.2582881878,500
3.2795986868,500
3.3004244648,500
3.3223748798,500
3.3409403028,500
3.3604719938,500
3.3798276348,500
3.3992936258,500
3.4172233508,500
3.4354979498,500
3.4542983898,500
3.4713540358,500
3.4886629658,500
3.5057093768,500
3.5226151658,500
3.5394405448,500
3.5557383298,500
3.5723588168,500
3.5879099448,500
3.6039119158,500
3.6195047108,500
3.6347295748,500
3.6523443688,500
3.6654895198,500
3.6799393728,500
3.6964940648,500
3.7095399438,500
3.7237287758,500
3.7402278288,500
3.7523663338,500
3.7664968558,500
3.7803104988,500
3.7953640758,500
3.8076129678,500
3.8212957028,500
3.8353001548,500
3.8477232558,500
3.8612518688,500
3.8736315388,500
3.8865886398,500
3.8993658768,500
3.9123251738,500
3.9245974598,500
3.9382728108,500
3.9497574218,500
3.9618044478,500
3.9745005318,500
3.9865537898,500
3.9982669658,500
4.0104324488,500
4.0224049968,500
4.0337809828,500
4.0457316438,500
4.0593634368,500
4.0706648048,500
4.0827817538,500
4.0916699478,500
4.1048893798,500
4.1149745528,500
4.1253117738,500
4.1364929578,500
4.1477728008,500
4.1584738378,500
4.1694015048,500
4.1805834778,500
4.1915729808,500
4.2026911328,500
4.2134658098,500
4.2244999328,500
4.2355350598,500
4.2467851498,500
4.2546308448,500
4.2648453758,500
4.2753860388,500
4.2855016858,500
4.2957248768,500
4.3058158808,500
4.3158970578,500
4.3259828218,500
4.3363659968,500
4.3462534238,500
4.3563580308,500
4.3674733188,500
4.3754093448,500
4.3853736138,500
4.3952742358,500
4.4047803718,500
4.4145864618,500
4.4239570408,500
4.4336073728,500
4.4445918318,500
4.4525354698,500
4.4618741958,500
4.4714288428,500
4.4804751528,500
4.4897482628,500
4.4995072378,500
4.5105999788,500
4.5172583428,500
4.5264801968,500
4.5357474588,500
4.5445100518,500
4.5543434498,500
4.5627152688,500
4.5715630238,500
4.5803320598,500
4.5892570628,500
4.5983837398,500
4.6093014968,500
4.6156208808,500
4.6246511918,500
4.6334819248,500
4.6424474608,500
4.6503858338,500
4.6593531518,500
4.6675879218,500
4.6761960788,500
4.6865104038,500
4.6932272988,500
4.7015212618,500
4.7102042998,500
4.7194016468,500
4.7269055438,500
4.7353504528,500
4.7436034208,500
4.7524659898,500
4.7598763038,500
4.7682755348,500
4.7764989568,500
4.7853717228,500
4.7928129038,500
4.8007636038,500
4.8087722658,500
4.8183331488,500
4.8248944568,500
4.8333772318,500
4.8412526428,500
4.8488006468,500
4.8567319708,500
4.8648484558,500
4.8734771128,500
4.8804905748,500
4.8882594068,500
4.8959986938,500
4.9039466338,500
4.9117013638,500
4.9193508018,500
4.9284752188,500
4.9347717908,500
4.9425587938,500
4.9503962298,500
4.9577594048,500
4.9653173988,500
4.9731984668,500
4.9806325648,500
4.9879541108,500
4.9955674928,500
5.0054777278,500
5.0104407638,500
5.0179121978,500
5.0275702058,500
5.0336087908,500
5.0402329878,500
5.0488739478,500
5.0552825838,500
5.0623277388,500
5.0716477248,500
5.0768196178,500
5.0843250498,500
5.0935647838,500
5.0986339578,500
5.1059408798,500
5.1153656808,500
5.1203926718,500
5.1276063448,500
5.1344083758,500
5.1418113368,500
5.1489665128,500
5.1559463058,500
5.1632244988,500
5.1707122208,500
5.1769608708,500
5.1845890038,500
5.1924202908,500
5.1982273518,500
5.2049865608,500
5.2119026268,500
5.2188201278,500
5.2258108168,500
5.2325651228,500
5.2397396818,500
5.2474244368,500
5.2532810978,500
5.2603737368,500
5.2693437108,500
5.2738223988,500
5.2807689168,500
5.2872994568,500
5.2946113018,500
5.3025718158,500
5.3076692128,500
5.3143805898,500
5.3209553138,500
5.3276907168,500
5.3354846878,500
5.3413216818,500
5.3475999298,500
5.3543629358,500
5.3609954818,500
5.3685483118,500
5.3739637438,500
5.3807487968,500
5.3872334208,500
5.3936502938,500
5.4015407668,500
5.4067256218,500
5.4133592158,500
5.4197329048,500
5.4266736898,500
5.4345183078,500
5.4393004988,500
5.4453805658,500
5.4519893028,500
5.4582300488,500
5.4647292598,500
5.4713611778,500
5.4783443208,500
5.4837361528,500
5.4904750408,500
5.4963252258,500
5.5028026788,500
5.5088971708,500
5.5154992418,500
5.5224835348,500
5.5278038238,500
5.5339837388,500
5.5404860678,500
5.5466062818,500
5.5527888858,500
5.5588916558,500
5.5663551958,500
5.5712823718,500
5.5777435168,500
5.5837520758,500
5.5897766248,500
5.5958677258,500
5.6025522428,500
5.6103391958,500
5.6143743298,500
5.6213106508,500
5.6263594568,500
5.6326008668,500
5.6387333728,500
5.6449562528,500
5.6505699138,500
5.6565625328,500
5.6627544598,500
5.6688425028,500
5.6763171498,500
5.6805990718,500
5.6879838528,500
5.6925743698,500
5.6988019648,500
5.7044810068,500
5.7103793788,500
5.7165556978,500
5.7224924078,500
5.7283111868,500
5.7338250378,500
5.7399285218,500
5.7456639198,500
5.7533545028,500
5.7572135128,500
5.7646805458,500
5.7693811268,500
5.7756051388,500
5.7806876528,500
5.7864009498,500
5.7924691038,500
5.7979972678,500
5.8037795858,500
5.8095053938,500
5.8153118078,500
5.8212187158,500
5.8265839928,500
5.8324297128,500
5.8383264338,500
5.8438926268,500
5.8496067478,500
5.8557310138,500
5.8607582918,500
5.8666126078,500
5.8744694638,500
5.8778043908,500
5.8853734898,500
5.8889949448,500
5.8963653448,500
5.9003898848,500
5.9075446948,500
5.9113824698,500
5.9183741938,500
5.9225229118,500
5.9294684918,500
5.9339048988,500
5.9404415248,500
5.9448096368,500
5.9515173208,500
5.9562376468,500
5.9622983608,500
5.9668569708,500
5.9734331778,500
5.9779022998,500
5.9845226318,500
5.9888706258,500
5.9954910368,500
5.9997596988,500
6.0064428478,500
6.0105662538,500
6.0174523688,500
6.0216299238,500
6.0282990068,500
6.0323165138,500
6.0394096658,500
6.0433181258,500
6.0505487238,500
6.0538609808,500
6.0614815298,500
6.0647503168,500
6.0698791748,500
6.0757472198,500
6.0807468258,500
6.0879487748,500
6.0955543468,500
6.0966557908,500
6.1022638898,500
6.1074070118,500
6.1124667528,500
6.1204256798,500
6.1234235558,500
6.1283503398,500
6.1334866318,500
6.1387573558,500
6.1439846958,500
6.1492905548,500
6.1545420518,500
6.1611805068,500
6.1652945448,500
6.1718444918,500
6.1753532388,500
6.1823266848,500
6.1859718608,500
6.1937224298,500
6.1968126548,500
6.2014061528,500
6.2065785918,500
6.2118695608,500
6.2167824818,500
6.2218617968,500
6.2274625588,500
6.2325343138,500
6.2375776438,500
6.2425921128,500
6.2509119748,500
6.2536577168,500
6.2595123078,500
6.2628574828,500
6.2692587648,500
6.2734779158,500
6.2783975378,500
6.2834919218,500
6.2882911968,500
6.2934624508,500
6.2982249468,500
6.3037180688,500
6.3084660918,500
6.3143987808,500
6.3184119948,500
6.3257120978,500
6.3287360838,500
6.3335294818,500
6.3385143178,500
6.3435732708,500
6.3484853888,500
6.3535993928,500
6.3588197698,500
6.3633712858,500
6.3696838268,500
6.3734483418,500
6.3804415008,500
6.3837448858,500
6.3884899798,500
6.3934150678,500
6.3979384768,500
6.4028074948,500
6.4078213418,500
6.4129601388,500
6.4177014448,500
6.4239719518,500
6.4276743698,500
6.4325373478,500
6.4374376528,500
6.4419129778,500
6.4466979438,500
6.4516210478,500
6.4575063328,500
6.4614355178,500
6.4683069388,500
6.4709580818,500
6.4759623978,500
6.4807623528,500
6.4853656108,500
6.4927789678,500
6.5015859148,500
6.5022624198,500
6.5046081508,500
6.5096413578,500
6.5144185238,500
6.5192539128,500
6.5237339748,500
6.5302881258,500
6.5333526158,500
6.5408682258,500
6.5427350908,500
6.5476266558,500
6.5524547318,500
6.5573397458,500
6.5624458828,500
6.5665416718,500
6.5737664338,500
6.5759724078,500
6.5808326348,500
6.5855025408,500
6.5902513118,500
6.5954667198,500
6.5996109628,500
6.6064214078,500
6.6089660708,500
6.6135399128,500
6.6184335388,500
6.6229901088,500
6.6287232218,500
6.6325643638,500
6.6366867558,500
6.6413391358,500
6.6463561418,500
6.6506771818,500
6.6555507008,500
6.6615454498,500
6.6646908348,500
6.6694078388,500
6.6739433888,500
6.6784091868,500
6.6835030478,500
6.6876863718,500
6.6944194438,500
6.6967442698,500
6.7013248458,500
6.7058858458,500
6.7103845958,500
6.7167758868,500
6.7198068178,500
6.7242362308,500
6.7286047788,500
6.7333261488,500
6.7384795908,500
6.7423073638,500
6.7469505758,500
6.7513044768,500
6.7559935018,500
6.7608587268,500
6.7653141698,500
6.7714443738,500
6.7739633338,500
6.7786370128,500
6.7829480738,500
6.7874362068,500
6.7938499818,500
6.7969743798,500
6.8012901918,500
6.8053867688,500
6.8097235548,500
6.8154697198,500
6.8187713438,500
6.8233404018,500
6.8277724178,500
6.8322297988,500
6.8374398368,500
6.8409058918,500
6.8452688888,500
6.8497493928,500
6.8556379188,500
6.8606619348,500
6.8633899278,500
6.8675487198,500
6.8718700208,500
6.8763164208,500
6.8815212638,500
6.8853106928,500
6.8895148638,500
6.8938275918,500
6.8984005408,500
6.9035096518,500
6.9069066078,500
6.9114120658,500
6.9158245348,500
6.9203430018,500
6.9256855288,500
6.9287854458,500
6.9333424428,500
6.9374757658,500
6.9418098998,500
6.9475898998,500
6.9505955878,500
6.9547595658,500
6.9595213528,500
6.9636470898,500
6.9693854198,500
6.9734110188,500
6.9762766478,500
6.9806076598,500
6.9853594168,500
6.9917602408,500
6.9936932408,500
6.9982429698,500
7.0025931748,500
7.0064502708,500
7.0106599628,500
7.0149546028,500
7.0193856918,500
7.0248693328,500
7.0279586718,500
7.0319835378,500
7.0363547368,500
7.0406073088,500
7.0489313868,500
7.0502814428,500
7.0532227848,500
7.0576183088,500
7.0617500208,500
7.0676927388,500
7.0703286048,500
7.0745985898,500
7.0794466278,500
7.0829365808,500
7.0868938678,500
7.0915995968,500
7.0953020768,500
7.1014891008,500
7.1036988888,500
7.1079288658,500
7.1123638348,500
7.1164940748,500
7.1207230798,500
7.1246095448,500
7.1293055278,500
7.1346233888,500
7.1377059828,500
7.1415043958,500
7.1456866528,500
7.1496722948,500
7.1540024808,500
7.1583263068,500
7.1623385998,500
7.1677346348,500
7.1706950948,500
7.1744278588,500
7.4219088078,500
7.4263894548,500
7.4314060468,500
7.4347372568,500
7.4384570428,500
7.4432162258,500
7.4467405008,500
7.4508265178,500
7.4549164648,500
7.4594253008,500
7.6883649638,500
7.7218922598,500
7.7539128998,500
7.9728379968,500
8.0439423728,500
8.1015524368,500
8.3924416358,500
8.4656712188,500
8.5212882408,500
8.5712088978,500
8.6157600608,500
8.6573474808,500
8.7858999468,500
8.8308187598,500
8.8725130448,500
8.9094957258,500
8.9446660638,500
8.9783138488,500
9.0097290438,500
9.0398655058,500
9.0705390178,500
9.0963098028,500
9.1255627348,500
9.1492385588,500
9.1743268288,500
9.1982996428,500
9.2218326758,500
9.2487507188,500
10.8598885038,500
10.8857868258,500
10.9119980348,500
10.9354195148,500
13.0066129858,500
14.6753146808,500
16.4217311918,500
17.9636696808,500
19.5219249758,500
21.0989146938,500
22.6718774808,500
24.7812199448,500
61.4166917138,500
62.6517861098,500
63.8146778058,500
64.9528066628,500
66.1978457088,500
67.2365008488,500
68.4036667508,500
69.5398388728,500
70.2196187798,500
105.0427273488,500
106.4069545628,500
107.8669940228,500
109.2239857578,500
110.5759920578,500
112.0057390748,500
113.4319523168,500
114.8539805058,500
116.3168048018,500
117.7246326418,500
119.0928273958,500
